{"item2":133.76120435153539,"item1":79.55690734953133,"item3":223.4455973689478}